"DESCRIPTION","DURATION IN MS","NAME","PARENT SUITE","START TIME","STATUS","STOP TIME","SUB SUITE","SUITE","TEST CLASS","TEST METHOD"
"","17211","Subscribing with an empty email doesn't fire the success banner","EcommerceRegressionSuite","2026-07-04","passed","2026-07-04","com.rishabh.tests.regression.HomeNavigationTests","RegressionModules","com.rishabh.tests.regression.HomeNavigationTests","homeSubscription_emptyEmail_blocked"
"","18168","Signup blocked when email field is left empty","EcommerceRegressionSuite","2026-07-04","passed","2026-07-04","com.rishabh.tests.regression.RegistrationTests","RegressionModules","com.rishabh.tests.regression.RegistrationTests","registerUser_withEmptyEmail_signupBlocked"
"","15497","TC17 - Remove a product from the cart","EcommerceRegressionSuite","2026-07-04","passed","2026-07-04","com.rishabh.tests.regression.CartTests","RegressionModules","com.rishabh.tests.regression.CartTests","cart_removeProduct_removedSuccessfully"
"","204","Home page renders its core elements at every breakpoint","EcommerceRegressionSuite","2026-07-04","passed","2026-07-04","com.rishabh.tests.crossbrowser.ResponsiveTests","ResponsiveModule","com.rishabh.tests.crossbrowser.ResponsiveTests","homePage_rendersCorrectly_acrossViewports"
"","1046","Products grid still renders products at every breakpoint","EcommerceRegressionSuite","2026-07-04","passed","2026-07-04","com.rishabh.tests.crossbrowser.ResponsiveTests","ResponsiveModule","com.rishabh.tests.crossbrowser.ResponsiveTests","productsPage_gridRendersProducts_acrossViewports"
"","7963","TC04 - Logout redirects back to the login page","EcommerceRegressionSuite","2026-07-04","passed","2026-07-04","com.rishabh.tests.regression.LoginLogoutTests","RegressionModules","com.rishabh.tests.regression.LoginLogoutTests","logoutUser_afterLogin_redirectsToLoginPage"
"","4737","Product catalog has more than a trivial handful of items","EcommerceRegressionSuite","2026-07-04","passed","2026-07-04","com.rishabh.tests.regression.ProductListingFilterTests","RegressionModules","com.rishabh.tests.regression.ProductListingFilterTests","productListing_catalogHasMultipleProducts"
"","191","Cart icon in the header stays reachable at every breakpoint","EcommerceRegressionSuite","2026-07-04","passed","2026-07-04","com.rishabh.tests.crossbrowser.ResponsiveTests","ResponsiveModule","com.rishabh.tests.crossbrowser.ResponsiveTests","header_cartIcon_accessibleAcrossViewports"
"","0","setUp","EcommerceRegressionSuite","2026-07-04","broken","2026-07-04","com.rishabh.tests.regression.ProductDetailTests","RegressionModules","com.rishabh.tests.regression.ProductDetailTests","setUp"
"","1684","Search functionality is usable at every breakpoint","EcommerceRegressionSuite","2026-07-04","passed","2026-07-04","com.rishabh.tests.crossbrowser.ResponsiveTests","ResponsiveModule","com.rishabh.tests.crossbrowser.ResponsiveTests","productSearch_worksAcrossViewports"
"","4822","Cart quantity control is a disabled stepper, not a free-text field","EcommerceRegressionSuite","2026-07-04","failed","2026-07-04","com.rishabh.tests.regression.CartTests","RegressionModules","com.rishabh.tests.regression.CartTests","cart_quantityControl_isReadOnlyStepper"
"","25309","TC24 - Invoice can be downloaded once the order is placed","EcommerceRegressionSuite","2026-07-04","passed","2026-07-04","com.rishabh.tests.regression.CheckoutOrderTests","RegressionModules","com.rishabh.tests.regression.CheckoutOrderTests","checkout_downloadInvoice_afterPurchase"
"","1155","Products grid still renders products at every breakpoint","EcommerceRegressionSuite","2026-07-04","passed","2026-07-04","com.rishabh.tests.crossbrowser.ResponsiveTests","ResponsiveModule","com.rishabh.tests.crossbrowser.ResponsiveTests","productsPage_gridRendersProducts_acrossViewports"
"","53448","Add to cart from the product detail page works on a tablet viewport","EcommerceRegressionSuite","2026-07-04","broken","2026-07-04","com.rishabh.tests.crossbrowser.ResponsiveTests","ResponsiveModule","com.rishabh.tests.crossbrowser.ResponsiveTests","productDetail_addToCart_worksOnTabletViewport"
"","4133","TC03 - Login with incorrect password","EcommerceRegressionSuite","2026-07-04","passed","2026-07-04","com.rishabh.tests.regression.LoginLogoutTests","RegressionModules","com.rishabh.tests.regression.LoginLogoutTests","loginUser_withIncorrectPassword_showsError"
"","2015","Contact form blocks submission with the message field empty","EcommerceRegressionSuite","2026-07-04","failed","2026-07-04","com.rishabh.tests.regression.ContactUsTests","RegressionModules","com.rishabh.tests.regression.ContactUsTests","contactUs_submitWithoutMessage_blocked"
"","128","Home page renders its core elements at every breakpoint","EcommerceRegressionSuite","2026-07-04","passed","2026-07-04","com.rishabh.tests.crossbrowser.ResponsiveTests","ResponsiveModule","com.rishabh.tests.crossbrowser.ResponsiveTests","homePage_rendersCorrectly_acrossViewports"
"","16533","Contact form blocks submission with the email field empty","EcommerceRegressionSuite","2026-07-04","passed","2026-07-04","com.rishabh.tests.regression.ContactUsTests","RegressionModules","com.rishabh.tests.regression.ContactUsTests","contactUs_submitWithoutEmail_blocked"
"","20542","Account creation form rejects a missing mandatory first name","EcommerceRegressionSuite","2026-07-04","passed","2026-07-04","com.rishabh.tests.regression.RegistrationTests","RegressionModules","com.rishabh.tests.regression.RegistrationTests","registerUser_missingFirstName_createAccountBlocked"
"","223","Category sidebar is present with the products grid","EcommerceRegressionSuite","2026-07-04","passed","2026-07-04","com.rishabh.tests.regression.ProductListingFilterTests","RegressionModules","com.rishabh.tests.regression.ProductListingFilterTests","productListing_categorySidebar_visible"
"","0","setUp","EcommerceRegressionSuite","2026-07-04","broken","2026-07-04","com.rishabh.tests.regression.ContactUsTests","RegressionModules","com.rishabh.tests.regression.ContactUsTests","setUp"
"","868","TC13 - Increasing quantity before add-to-cart reflects in the cart","EcommerceRegressionSuite","2026-07-04","broken","2026-07-04","com.rishabh.tests.regression.ProductDetailTests","RegressionModules","com.rishabh.tests.regression.ProductDetailTests","productDetail_increaseQuantity_reflectsInCart"
"","17512","Quantity field defaults to 1 on page load","EcommerceRegressionSuite","2026-07-04","broken","2026-07-04","com.rishabh.tests.regression.ProductDetailTests","RegressionModules","com.rishabh.tests.regression.ProductDetailTests","productDetail_quantitySelector_defaultValueIsOne"
"","1","setUp","EcommerceRegressionSuite","2026-07-04","broken","2026-07-04","com.rishabh.tests.regression.ProductSearchTests","RegressionModules","com.rishabh.tests.regression.ProductSearchTests","setUp"
"","51746","TC18 - View products under Men > Tshirts category","EcommerceRegressionSuite","2026-07-04","broken","2026-07-04","com.rishabh.tests.regression.ProductListingFilterTests","RegressionModules","com.rishabh.tests.regression.ProductListingFilterTests","viewCategoryProducts_menTshirts_showsFilteredResults"
"","5301","Register opting out of the newsletter","EcommerceRegressionSuite","2026-07-04","passed","2026-07-04","com.rishabh.tests.regression.RegistrationTests","RegressionModules","com.rishabh.tests.regression.RegistrationTests","registerUser_withoutNewsletterOptIn_accountCreatedSuccessfully"
"","16838","TC14 - Add to cart while logged out, register mid-checkout, then place the order","EcommerceRegressionSuite","2026-07-04","passed","2026-07-04","com.rishabh.tests.regression.CheckoutOrderTests","RegressionModules","com.rishabh.tests.regression.CheckoutOrderTests","checkout_registerDuringCheckout_orderPlacedSuccessfully"
"","3392","Header cart icon navigates to the cart page","EcommerceRegressionSuite","2026-07-04","passed","2026-07-04","com.rishabh.tests.regression.HomeNavigationTests","RegressionModules","com.rishabh.tests.regression.HomeNavigationTests","homePage_headerNavigation_cartLinkWorks"
"","141","Cart icon in the header stays reachable at every breakpoint","EcommerceRegressionSuite","2026-07-04","passed","2026-07-04","com.rishabh.tests.crossbrowser.ResponsiveTests","ResponsiveModule","com.rishabh.tests.crossbrowser.ResponsiveTests","header_cartIcon_accessibleAcrossViewports"
"","6324","Searching with special characters doesn't error out","EcommerceRegressionSuite","2026-07-04","passed","2026-07-04","com.rishabh.tests.regression.ProductSearchTests","RegressionModules","com.rishabh.tests.regression.ProductSearchTests","searchProduct_withSpecialCharacters_handledGracefully"
"","13273","Search is case insensitive","EcommerceRegressionSuite","2026-07-04","passed","2026-07-04","com.rishabh.tests.regression.ProductSearchTests","RegressionModules","com.rishabh.tests.regression.ProductSearchTests","searchProduct_caseInsensitiveSearch_returnsSameResults"
"","6242","Search using only a partial word still matches products","EcommerceRegressionSuite","2026-07-04","passed","2026-07-04","com.rishabh.tests.regression.ProductSearchTests","RegressionModules","com.rishabh.tests.regression.ProductSearchTests","searchProduct_byPartialKeyword_showsMatchingResults"
"","2802","Search functionality is usable at every breakpoint","EcommerceRegressionSuite","2026-07-04","passed","2026-07-04","com.rishabh.tests.crossbrowser.ResponsiveTests","ResponsiveModule","com.rishabh.tests.crossbrowser.ResponsiveTests","productSearch_worksAcrossViewports"
"","8984","Line total for a product matches unit price times quantity","EcommerceRegressionSuite","2026-07-04","passed","2026-07-04","com.rishabh.tests.regression.CartTests","RegressionModules","com.rishabh.tests.regression.CartTests","cart_lineTotal_matchesUnitPriceTimesQuantity"
"","11698","TC23 - Delivery/invoice address on checkout reflects the registered address","EcommerceRegressionSuite","2026-07-04","passed","2026-07-04","com.rishabh.tests.regression.CheckoutOrderTests","RegressionModules","com.rishabh.tests.regression.CheckoutOrderTests","checkout_addressDetails_matchRegisteredAddress"
"","8068","Every product card exposes a matching price alongside its name","EcommerceRegressionSuite","2026-07-04","passed","2026-07-04","com.rishabh.tests.regression.ProductListingFilterTests","RegressionModules","com.rishabh.tests.regression.ProductListingFilterTests","productListing_everyProductHasNameAndPrice"
"","12157","TC16 - Logged in user can proceed straight to the checkout page","EcommerceRegressionSuite","2026-07-04","passed","2026-07-04","com.rishabh.tests.regression.CartTests","RegressionModules","com.rishabh.tests.regression.CartTests","cart_proceedToCheckoutWhileLoggedIn_navigatesToCheckoutPage"
"","0","setUp","EcommerceRegressionSuite","2026-07-04","broken","2026-07-04","com.rishabh.tests.regression.RegistrationTests","RegressionModules","com.rishabh.tests.regression.RegistrationTests","setUp"
"","210","Home page renders its core elements at every breakpoint","EcommerceRegressionSuite","2026-07-04","passed","2026-07-04","com.rishabh.tests.crossbrowser.ResponsiveTests","ResponsiveModule","com.rishabh.tests.crossbrowser.ResponsiveTests","homePage_rendersCorrectly_acrossViewports"
"","51665","TC21 - Submitting a product review shows the thank-you message","EcommerceRegressionSuite","2026-07-04","broken","2026-07-04","com.rishabh.tests.regression.ProductDetailTests","RegressionModules","com.rishabh.tests.regression.ProductDetailTests","productDetail_writeReview_submitsSuccessfully"
"Signup with a fresh name/email, fill the account info form and confirm the account gets created","12731","TC01 - Register a brand new user with valid details","EcommerceRegressionSuite","2026-07-04","passed","2026-07-04","com.rishabh.tests.regression.RegistrationTests","RegressionModules","com.rishabh.tests.regression.RegistrationTests","registerUser_withValidDetails_accountCreatedSuccessfully"
"","1186","Login form fields remain usable on a mobile viewport","EcommerceRegressionSuite","2026-07-04","passed","2026-07-04","com.rishabh.tests.crossbrowser.ResponsiveTests","ResponsiveModule","com.rishabh.tests.crossbrowser.ResponsiveTests","loginPage_formUsable_onMobileViewport"
"","17538","An order comment left at checkout doesn't block placing the order","EcommerceRegressionSuite","2026-07-04","passed","2026-07-04","com.rishabh.tests.regression.CheckoutOrderTests","RegressionModules","com.rishabh.tests.regression.CheckoutOrderTests","checkout_orderComment_doesNotBlockOrder"
"","1153","TC06 - Submitting a fully filled contact form shows a success banner","EcommerceRegressionSuite","2026-07-04","passed","2026-07-04","com.rishabh.tests.regression.ContactUsTests","RegressionModules","com.rishabh.tests.regression.ContactUsTests","contactUs_submitValidForm_showsSuccessMessage"
"","1228","Navigating straight to an empty cart shows the empty state","EcommerceRegressionSuite","2026-07-04","passed","2026-07-04","com.rishabh.tests.regression.CartTests","RegressionModules","com.rishabh.tests.regression.CartTests","cart_emptyCart_navigateDirectly_showsEmptyMessage"
"","27076","Searching for a keyword with no matches returns zero products","EcommerceRegressionSuite","2026-07-04","broken","2026-07-04","com.rishabh.tests.regression.ProductSearchTests","RegressionModules","com.rishabh.tests.regression.ProductSearchTests","searchProduct_byNonExistentKeyword_showsNoResults"
"","4637","Empty search term keeps the user on the products listing","EcommerceRegressionSuite","2026-07-04","passed","2026-07-04","com.rishabh.tests.regression.ProductSearchTests","RegressionModules","com.rishabh.tests.regression.ProductSearchTests","searchProduct_withEmptyKeyword_doesNotError"
"","0","setUp","EcommerceRegressionSuite","2026-07-04","broken","2026-07-04","com.rishabh.tests.regression.LoginLogoutTests","RegressionModules","com.rishabh.tests.regression.LoginLogoutTests","setUp"
"","1878","TC10 - Subscribe with a valid email on the home page","EcommerceRegressionSuite","2026-07-04","passed","2026-07-04","com.rishabh.tests.regression.HomeNavigationTests","RegressionModules","com.rishabh.tests.regression.HomeNavigationTests","homeSubscription_validEmail_showsSuccessMessage"
"","6721","Register opting in to the newsletter","EcommerceRegressionSuite","2026-07-04","passed","2026-07-04","com.rishabh.tests.regression.RegistrationTests","RegressionModules","com.rishabh.tests.regression.RegistrationTests","registerUser_withNewsletterOptIn_accountCreatedSuccessfully"
"","18447","Signup blocked when name field is left empty","EcommerceRegressionSuite","2026-07-04","passed","2026-07-04","com.rishabh.tests.regression.RegistrationTests","RegressionModules","com.rishabh.tests.regression.RegistrationTests","registerUser_withEmptyName_signupBlocked"
"","55740","TC01 continued - delete the account after creating it","EcommerceRegressionSuite","2026-07-04","broken","2026-07-04","com.rishabh.tests.regression.RegistrationTests","RegressionModules","com.rishabh.tests.regression.RegistrationTests","deleteAccount_afterRegistration_accountDeletedSuccessfully"
"","2845","Brand sidebar renders with product count badges next to each brand","EcommerceRegressionSuite","2026-07-04","passed","2026-07-04","com.rishabh.tests.regression.ProductListingFilterTests","RegressionModules","com.rishabh.tests.regression.ProductListingFilterTests","productListing_brandSidebar_visible"
"","5573","TC19 - View and filter products by the Polo brand","EcommerceRegressionSuite","2026-07-04","passed","2026-07-04","com.rishabh.tests.regression.ProductListingFilterTests","RegressionModules","com.rishabh.tests.regression.ProductListingFilterTests","viewBrandProducts_polo_showsFilteredResults"
"","1303","TC25/26 - Scroll-up arrow shows after scrolling down and jumps back to top","EcommerceRegressionSuite","2026-07-04","passed","2026-07-04","com.rishabh.tests.regression.HomeNavigationTests","RegressionModules","com.rishabh.tests.regression.HomeNavigationTests","homePage_scrollDownThenUp_arrowAppearsAndScrollsToTop"
"","16054","TC05 - Signup with an email that's already registered","EcommerceRegressionSuite","2026-07-04","passed","2026-07-04","com.rishabh.tests.regression.RegistrationTests","RegressionModules","com.rishabh.tests.regression.RegistrationTests","registerUser_withExistingEmail_showsAlreadyExistError"
"","0","setUp","EcommerceRegressionSuite","2026-07-04","broken","2026-07-04","com.rishabh.tests.regression.CheckoutOrderTests","RegressionModules","com.rishabh.tests.regression.CheckoutOrderTests","setUp"
"","5295","TC08 - Clicking View Product opens the correct product detail page","EcommerceRegressionSuite","2026-07-04","passed","2026-07-04","com.rishabh.tests.regression.ProductListingFilterTests","RegressionModules","com.rishabh.tests.regression.ProductListingFilterTests","viewProductDetail_fromListing_navigatesCorrectly"
"","17361","Recommended items carousel renders on the product detail page","EcommerceRegressionSuite","2026-07-04","broken","2026-07-04","com.rishabh.tests.regression.ProductDetailTests","RegressionModules","com.rishabh.tests.regression.ProductDetailTests","productDetail_recommendedItemsSection_visible"
"","3346","Login attempt with an email nobody registered","EcommerceRegressionSuite","2026-07-04","passed","2026-07-04","com.rishabh.tests.regression.LoginLogoutTests","RegressionModules","com.rishabh.tests.regression.LoginLogoutTests","loginUser_withNonExistentEmail_showsError"
"","25525","TC16 - Login with an existing account, then check out","EcommerceRegressionSuite","2026-07-04","passed","2026-07-04","com.rishabh.tests.regression.CheckoutOrderTests","RegressionModules","com.rishabh.tests.regression.CheckoutOrderTests","checkout_loginBeforeCheckout_orderPlacedSuccessfully"
"","22648","TC20 - Cart items added while logged out survive logging in","EcommerceRegressionSuite","2026-07-04","passed","2026-07-04","com.rishabh.tests.regression.CartTests","RegressionModules","com.rishabh.tests.regression.CartTests","cart_addedWhileLoggedOut_persistsAfterLogin"
"","52315","'View Cart' from the modal takes you to the cart with the item in it","EcommerceRegressionSuite","2026-07-04","broken","2026-07-04","com.rishabh.tests.regression.ProductDetailTests","RegressionModules","com.rishabh.tests.regression.ProductDetailTests","productDetail_addToCart_viewCart_navigatesToCart"
"","5117","TC19 - View and filter products by the H&M brand","EcommerceRegressionSuite","2026-07-04","passed","2026-07-04","com.rishabh.tests.regression.ProductListingFilterTests","RegressionModules","com.rishabh.tests.regression.ProductListingFilterTests","viewBrandProducts_hm_showsFilteredResults"
"","10325","Register selecting the 'Mrs' title and confirm it's accepted","EcommerceRegressionSuite","2026-07-04","passed","2026-07-04","com.rishabh.tests.regression.RegistrationTests","RegressionModules","com.rishabh.tests.regression.RegistrationTests","registerUser_withMrsTitle_accountCreatedSuccessfully"
"","23201","Purely numeric search terms return no products","EcommerceRegressionSuite","2026-07-04","broken","2026-07-04","com.rishabh.tests.regression.ProductSearchTests","RegressionModules","com.rishabh.tests.regression.ProductSearchTests","searchProduct_withNumericKeyword_showsNoResults"
"","541","Newsletter subscription still works when squeezed into a mobile layout","EcommerceRegressionSuite","2026-07-04","passed","2026-07-04","com.rishabh.tests.crossbrowser.ResponsiveTests","ResponsiveModule","com.rishabh.tests.crossbrowser.ResponsiveTests","footerSubscription_worksOnMobileViewport"
"","22601","Header shows the correct username right after account creation","EcommerceRegressionSuite","2026-07-04","broken","2026-07-04","com.rishabh.tests.regression.RegistrationTests","RegressionModules","com.rishabh.tests.regression.RegistrationTests","registerUser_verifyLoggedInUsernameMatchesSignup"
"","10903","Login blocked when password field is empty","EcommerceRegressionSuite","2026-07-04","passed","2026-07-04","com.rishabh.tests.regression.LoginLogoutTests","RegressionModules","com.rishabh.tests.regression.LoginLogoutTests","loginUser_withEmptyPassword_blocked"
"","6862","Removing the only item in the cart shows the empty cart message","EcommerceRegressionSuite","2026-07-04","passed","2026-07-04","com.rishabh.tests.regression.CartTests","RegressionModules","com.rishabh.tests.regression.CartTests","cart_removeOnlyProduct_showsEmptyCartMessage"
"","8503","Every returned result actually contains the searched term","EcommerceRegressionSuite","2026-07-04","passed","2026-07-04","com.rishabh.tests.regression.ProductSearchTests","RegressionModules","com.rishabh.tests.regression.ProductSearchTests","searchProduct_resultsContainSearchedKeywordInName"
"","0","setUp","EcommerceRegressionSuite","2026-07-04","broken","2026-07-04","com.rishabh.tests.regression.ProductListingFilterTests","RegressionModules","com.rishabh.tests.regression.ProductListingFilterTests","setUp"
"","19516","'Home' button after a successful submission returns to the home page","EcommerceRegressionSuite","2026-07-04","failed","2026-07-04","com.rishabh.tests.regression.ContactUsTests","RegressionModules","com.rishabh.tests.regression.ContactUsTests","contactUs_afterSuccess_homeButtonReturnsHome"
"","325","Home page loads with logo and featured items","EcommerceRegressionSuite","2026-07-04","passed","2026-07-04","com.rishabh.tests.regression.HomeNavigationTests","RegressionModules","com.rishabh.tests.regression.HomeNavigationTests","homePage_loadsSuccessfully_logoAndFeaturedItemsVisible"
"","17555","Product price format always includes the Rs. currency prefix","EcommerceRegressionSuite","2026-07-04","broken","2026-07-04","com.rishabh.tests.regression.ProductDetailTests","RegressionModules","com.rishabh.tests.regression.ProductDetailTests","productDetail_priceFormat_includesCurrencyPrefix"
"","20367","Signup box rejects an obviously invalid email format","EcommerceRegressionSuite","2026-07-04","passed","2026-07-04","com.rishabh.tests.regression.RegistrationTests","RegressionModules","com.rishabh.tests.regression.RegistrationTests","registerUser_withInvalidEmailFormat_signupBlocked"
"","2368","Header 'Products' link navigates to the products page","EcommerceRegressionSuite","2026-07-04","passed","2026-07-04","com.rishabh.tests.regression.HomeNavigationTests","RegressionModules","com.rishabh.tests.regression.HomeNavigationTests","homePage_headerNavigation_productsLinkWorks"
"","52366","Products added from two different categories both land in the cart","EcommerceRegressionSuite","2026-07-04","broken","2026-07-04","com.rishabh.tests.regression.CartTests","RegressionModules","com.rishabh.tests.regression.CartTests","cart_addFromDifferentCategories_bothVisible"
"","10613","Malformed email in the login field is rejected client-side","EcommerceRegressionSuite","2026-07-04","passed","2026-07-04","com.rishabh.tests.regression.LoginLogoutTests","RegressionModules","com.rishabh.tests.regression.LoginLogoutTests","loginUser_withInvalidEmailFormat_blocked"
"","52158","Brand sidebar is also present while browsing a category page","EcommerceRegressionSuite","2026-07-04","broken","2026-07-04","com.rishabh.tests.regression.ProductListingFilterTests","RegressionModules","com.rishabh.tests.regression.ProductListingFilterTests","productListing_brandSidebar_visibleOnCategoryPage"
"","407","Category and brand sidebars render on the home page","EcommerceRegressionSuite","2026-07-04","passed","2026-07-04","com.rishabh.tests.regression.HomeNavigationTests","RegressionModules","com.rishabh.tests.regression.HomeNavigationTests","homePage_categoryAndBrandSidebars_visible"
"","1","openFirstProduct","EcommerceRegressionSuite","2026-07-04","broken","2026-07-04","com.rishabh.tests.regression.ProductDetailTests","RegressionModules","com.rishabh.tests.regression.ProductDetailTests","openFirstProduct"
"","1","Both login and signup forms are present on /login","EcommerceRegressionSuite","2026-07-04","skipped","2026-07-04","com.rishabh.tests.regression.LoginLogoutTests","RegressionModules","com.rishabh.tests.regression.LoginLogoutTests","loginPage_navigateDirectly_bothFormsVisible"
"","2129","Search functionality is usable at every breakpoint","EcommerceRegressionSuite","2026-07-04","passed","2026-07-04","com.rishabh.tests.crossbrowser.ResponsiveTests","ResponsiveModule","com.rishabh.tests.crossbrowser.ResponsiveTests","productSearch_worksAcrossViewports"
"","18292","Continuing after a successful order returns to the home page","EcommerceRegressionSuite","2026-07-04","passed","2026-07-04","com.rishabh.tests.regression.CheckoutOrderTests","RegressionModules","com.rishabh.tests.regression.CheckoutOrderTests","checkout_continueAfterOrder_returnsHome"
"","52177","Add to cart pops the confirmation modal","EcommerceRegressionSuite","2026-07-04","broken","2026-07-04","com.rishabh.tests.regression.ProductDetailTests","RegressionModules","com.rishabh.tests.regression.ProductDetailTests","productDetail_addToCart_showsConfirmationModal"
"","6957","Full flow: header -> products -> search works end to end","EcommerceRegressionSuite","2026-07-04","passed","2026-07-04","com.rishabh.tests.regression.ProductSearchTests","RegressionModules","com.rishabh.tests.regression.ProductSearchTests","searchProduct_navigateFromHeaderThenSearch_flowWorks"
"","17236","TC22 - Add to cart directly from the recommended items carousel","EcommerceRegressionSuite","2026-07-04","broken","2026-07-04","com.rishabh.tests.regression.ProductDetailTests","RegressionModules","com.rishabh.tests.regression.ProductDetailTests","productDetail_addToCartFromRecommendedItems_addsSuccessfully"
"","1229","Products grid still renders products at every breakpoint","EcommerceRegressionSuite","2026-07-04","passed","2026-07-04","com.rishabh.tests.crossbrowser.ResponsiveTests","ResponsiveModule","com.rishabh.tests.crossbrowser.ResponsiveTests","productsPage_gridRendersProducts_acrossViewports"
"","8120","TC09 - Search for a known product keyword","EcommerceRegressionSuite","2026-07-04","passed","2026-07-04","com.rishabh.tests.regression.ProductSearchTests","RegressionModules","com.rishabh.tests.regression.ProductSearchTests","searchProduct_byValidKeyword_showsMatchingResults"
"","1188","Products grid still renders products at every breakpoint","EcommerceRegressionSuite","2026-07-04","passed","2026-07-04","com.rishabh.tests.crossbrowser.ResponsiveTests","ResponsiveModule","com.rishabh.tests.crossbrowser.ResponsiveTests","productsPage_gridRendersProducts_acrossViewports"
"","5729","TC02 - Login with correct email and password","EcommerceRegressionSuite","2026-07-04","passed","2026-07-04","com.rishabh.tests.regression.LoginLogoutTests","RegressionModules","com.rishabh.tests.regression.LoginLogoutTests","loginUser_withValidCredentials_loginSuccessful"
"","1369","Contact form blocks submission with the name field empty","EcommerceRegressionSuite","2026-07-04","failed","2026-07-04","com.rishabh.tests.regression.ContactUsTests","RegressionModules","com.rishabh.tests.regression.ContactUsTests","contactUs_submitWithoutName_blocked"
"","10841","Checkout Place Order button lands on the payment page","EcommerceRegressionSuite","2026-07-04","passed","2026-07-04","com.rishabh.tests.regression.CheckoutOrderTests","RegressionModules","com.rishabh.tests.regression.CheckoutOrderTests","checkout_placeOrder_navigatesToPaymentPage"
"","2839","Header 'Contact us' link navigates to the contact form","EcommerceRegressionSuite","2026-07-04","passed","2026-07-04","com.rishabh.tests.regression.HomeNavigationTests","RegressionModules","com.rishabh.tests.regression.HomeNavigationTests","homePage_headerNavigation_contactUsLinkWorks"
"","0","setUp","EcommerceRegressionSuite","2026-07-04","broken","2026-07-04","com.rishabh.tests.crossbrowser.ResponsiveTests","ResponsiveModule","com.rishabh.tests.crossbrowser.ResponsiveTests","setUp"
"","14065","TC15 - Register first, then shop and check out as that user","EcommerceRegressionSuite","2026-07-04","passed","2026-07-04","com.rishabh.tests.regression.CheckoutOrderTests","RegressionModules","com.rishabh.tests.regression.CheckoutOrderTests","checkout_registerBeforeCheckout_orderPlacedSuccessfully"
"","10268","Login session survives a page refresh","EcommerceRegressionSuite","2026-07-04","passed","2026-07-04","com.rishabh.tests.regression.LoginLogoutTests","RegressionModules","com.rishabh.tests.regression.LoginLogoutTests","loginUser_sessionPersistsAfterPageRefresh"
"","749","'Continue Shopping' from the modal keeps you on the same product page","EcommerceRegressionSuite","2026-07-04","passed","2026-07-04","com.rishabh.tests.regression.ProductDetailTests","RegressionModules","com.rishabh.tests.regression.ProductDetailTests","productDetail_addToCart_continueShopping_staysOnProductPage"
"","23","Cart icon in the header stays reachable at every breakpoint","EcommerceRegressionSuite","2026-07-04","passed","2026-07-04","com.rishabh.tests.crossbrowser.ResponsiveTests","ResponsiveModule","com.rishabh.tests.crossbrowser.ResponsiveTests","header_cartIcon_accessibleAcrossViewports"
"","7894","'Searched Products' heading appears once results render","EcommerceRegressionSuite","2026-07-04","passed","2026-07-04","com.rishabh.tests.regression.ProductSearchTests","RegressionModules","com.rishabh.tests.regression.ProductSearchTests","searchProduct_verifySearchedProductsHeadingVisible"
"","17238","Payment confirmation heading reads 'Order Placed!' after a successful payment","EcommerceRegressionSuite","2026-07-04","passed","2026-07-04","com.rishabh.tests.regression.CheckoutOrderTests","RegressionModules","com.rishabh.tests.regression.CheckoutOrderTests","checkout_paymentSuccess_headingTextIsCorrect"
"","867","Kids category accordion expands without breaking the sidebar","EcommerceRegressionSuite","2026-07-04","passed","2026-07-04","com.rishabh.tests.regression.ProductListingFilterTests","RegressionModules","com.rishabh.tests.regression.ProductListingFilterTests","viewCategoryProducts_kids_sidebarExpands"
"","8314","Add to cart and view cart works end to end on a mobile viewport","EcommerceRegressionSuite","2026-07-04","passed","2026-07-04","com.rishabh.tests.crossbrowser.ResponsiveTests","ResponsiveModule","com.rishabh.tests.crossbrowser.ResponsiveTests","cartFlow_addAndView_worksOnMobileViewport"
"","4786","TC08 - All Products page loads with a populated grid","EcommerceRegressionSuite","2026-07-04","passed","2026-07-04","com.rishabh.tests.regression.ProductListingFilterTests","RegressionModules","com.rishabh.tests.regression.ProductListingFilterTests","viewAllProducts_pageLoadsWithProductGrid"
"","11385","Login blocked when email field is empty","EcommerceRegressionSuite","2026-07-04","passed","2026-07-04","com.rishabh.tests.regression.LoginLogoutTests","RegressionModules","com.rishabh.tests.regression.LoginLogoutTests","loginUser_withEmptyEmail_blocked"
"","12730","Long address values are accepted without truncation on the account form","EcommerceRegressionSuite","2026-07-04","passed","2026-07-04","com.rishabh.tests.regression.RegistrationTests","RegressionModules","com.rishabh.tests.regression.RegistrationTests","registerUser_withLongAddressValues_accountCreatedSuccessfully"
"","9183","TC12 - Add a single product to the cart","EcommerceRegressionSuite","2026-07-04","passed","2026-07-04","com.rishabh.tests.regression.CartTests","RegressionModules","com.rishabh.tests.regression.CartTests","cart_addSingleProduct_reflectsInCart"
"","17546","TC08 - Product detail page shows all core info fields","EcommerceRegressionSuite","2026-07-04","broken","2026-07-04","com.rishabh.tests.regression.ProductDetailTests","RegressionModules","com.rishabh.tests.regression.ProductDetailTests","productDetail_displaysAllCoreInformation"
"","0","setUp","EcommerceRegressionSuite","2026-07-04","broken","2026-07-04","com.rishabh.tests.regression.HomeNavigationTests","RegressionModules","com.rishabh.tests.regression.HomeNavigationTests","setUp"
"","4773","Password check is case sensitive","EcommerceRegressionSuite","2026-07-04","passed","2026-07-04","com.rishabh.tests.regression.LoginLogoutTests","RegressionModules","com.rishabh.tests.regression.LoginLogoutTests","loginUser_wrongPasswordCase_showsError"
"","22473","Leading/trailing whitespace in the search box doesn't break results","EcommerceRegressionSuite","2026-07-04","broken","2026-07-04","com.rishabh.tests.regression.ProductSearchTests","RegressionModules","com.rishabh.tests.regression.ProductSearchTests","searchProduct_withWhitespacePadding_stillMatches"
"","45","Cart icon in the header stays reachable at every breakpoint","EcommerceRegressionSuite","2026-07-04","passed","2026-07-04","com.rishabh.tests.crossbrowser.ResponsiveTests","ResponsiveModule","com.rishabh.tests.crossbrowser.ResponsiveTests","header_cartIcon_accessibleAcrossViewports"
"","1292","TC07 - Test cases page is reachable from the header","EcommerceRegressionSuite","2026-07-04","passed","2026-07-04","com.rishabh.tests.regression.HomeNavigationTests","RegressionModules","com.rishabh.tests.regression.HomeNavigationTests","homePage_headerNavigation_testCasesLinkWorks"
"","2197","Search functionality is usable at every breakpoint","EcommerceRegressionSuite","2026-07-04","passed","2026-07-04","com.rishabh.tests.crossbrowser.ResponsiveTests","ResponsiveModule","com.rishabh.tests.crossbrowser.ResponsiveTests","productSearch_worksAcrossViewports"
"","1356","Contact form accepts a file attachment and still submits fine","EcommerceRegressionSuite","2026-07-04","passed","2026-07-04","com.rishabh.tests.regression.ContactUsTests","RegressionModules","com.rishabh.tests.regression.ContactUsTests","contactUs_withFileAttachment_submitsSuccessfully"
"","10938","TC20 - Search a product and add it straight to the cart","EcommerceRegressionSuite","2026-07-04","passed","2026-07-04","com.rishabh.tests.regression.ProductSearchTests","RegressionModules","com.rishabh.tests.regression.ProductSearchTests","searchProduct_thenAddToCart_addsSuccessfully"
"","184","Home page renders its core elements at every breakpoint","EcommerceRegressionSuite","2026-07-04","passed","2026-07-04","com.rishabh.tests.crossbrowser.ResponsiveTests","ResponsiveModule","com.rishabh.tests.crossbrowser.ResponsiveTests","homePage_rendersCorrectly_acrossViewports"
"","0","setUp","EcommerceRegressionSuite","2026-07-04","broken","2026-07-04","com.rishabh.tests.regression.CartTests","RegressionModules","com.rishabh.tests.regression.CartTests","setUp"
"","4842","Adding two different products puts both in the cart","EcommerceRegressionSuite","2026-07-04","passed","2026-07-04","com.rishabh.tests.regression.CartTests","RegressionModules","com.rishabh.tests.regression.CartTests","cart_addMultipleProducts_allAppearInCart"
"","7713","Proceeding to checkout while logged out prompts a register/login modal","EcommerceRegressionSuite","2026-07-04","passed","2026-07-04","com.rishabh.tests.regression.CartTests","RegressionModules","com.rishabh.tests.regression.CartTests","cart_proceedToCheckoutWhileLoggedOut_showsLoginPrompt"
"","51752","TC18 - View products under Women > Dress category","EcommerceRegressionSuite","2026-07-04","broken","2026-07-04","com.rishabh.tests.regression.ProductListingFilterTests","RegressionModules","com.rishabh.tests.regression.ProductListingFilterTests","viewCategoryProducts_womenDress_showsFilteredResults"
